عربي,English
شهد العالم الاسلامي أواخر القرن الخامس عشر و بداية القرن السادس عشر صراعا حادا بس ثلاث قوي هي دولة المماليك  و الدولة الصفوية و الدولة العثمانية .,"The Islamic world witnessed an intense conflict in the late fifteenth century and the beginning of the sixteenth century, but there were three powerful forces: the Mamluk state, the Safavid state, and the Ottoman state."
دولة المماليك قامت في مصر و الشام و الحجاز و جزء من ساحل افريقيا الشرقي المطل علي البحر الاحمر وقد تعرضت دولة المماليك في اواخر القرن ال 15 الميلادي لازمات مالية وتدهور اقتصادي بعد اكتشاف طريق راس الرجاء الصالح عام 1489م ,"The Mamluk state was established in Egypt, the Levant, Hijaz, and part of the eastern coast of Africa overlooking the Red Sea. In the late 15th century AD, the Mamluk state was exposed to financial crises and economic deterioration after the discovery of the Cape of Good Hope road in 1489 AD"
وتحطم الاسطول المملوكي عام 1509م في معركة ديو البحرية كما تعرضت لازمات سياسية بسبب اضطراب الامن و الصراع المستمر بين المماليك وكثر الفتن و الثورات الداخلية مما ادي الي اضعاف قوتهم العسكرية .,", and the destruction of the Mamluk fleet in 1509 AD in the Battle of Diu. The Navy was also exposed to political crises due to the security turmoil, the ongoing conflict between the Mamluks, and the many internal strife and revolutions, which led to the weakening of their military power."
"الدولة العثمانية مع بداية القرن السادس عشر الميلادي اتجه السلطان سليم الاول في غزواته نحو الشرق ، فكان الصدام العسكري مع الدولة الصفوية في ايران و الدولة المملوكية في الشام ومصر.","The Ottoman Empire: At the beginning of the sixteenth century AD, Sultan Selim I headed his conquests towards the East, and there was a military clash with the Safavid state in Iran and the Mamluk state in the Levant and Egypt."
الدولة الصفوية و بعد ان تمكن السلطان سليم الاول من هزيمة الصفويين في موقعة جالديران 1514 م ودخوله العاسمة تبريز اتجه بجيشه العثماني الي الدولة المملوكية في مصر  و الشام .,"The Safavid state. After Sultan Selim I was able to defeat the Safavids in the Battle of Chaldiran in 1514 AD and entered the capital city of Tabriz, he headed with his Ottoman army to the Mamluk state in Egypt and the Levant."
اتجه العثمانيين الي الي مصر و الشام بسبب رغبة السلطان سليم الاول في توسيع ممتلكاته في الشرق عن طريق الاستيلاء علي مصر التي تمثل قلب العالم الاسلامي و ايضا بسبب ادراك السلطان سليم الاول ان الصدام مع الدولة الاوروبية,"The Ottomans turned to Egypt and the Levant because of Sultan Selim I’s desire to expand his possessions in the East by seizing Egypt, which represents the heart of the Islamic world, and also because of Sultan Selim I’s realization that a clash with the European state "
في ذلك الوقت محفوق بالمخاطر بسبب تفوقهم حضاريا وعسكريا علي العثمانيين ومن هنا كان التوجه نحو الشرق لتحقيق السيطرة علي المنطقة ,at that time was fraught with danger because of their cultural and military superiority over the Ottomans. Hence the move towards the east to achieve control over the region.
استيلاء العثمانيين علي مصر و الشام في مرج دابق في اغسطس عام 1516م بادر السلطان العثماني سليم الاول بالاستيلاء علي امارة ذي القادر المملوكية التي تقع علي الحود بين الدولتين العثمانية والمملوكية فخرج السلطان الغوري للشام ودارت معركة بين المماليك والعثمانيين عند مرج دابق هزمت في القوات المملوكية .,"The Ottomans took control of Egypt and the Levant at Marj Dabiq in August 1516 AD. The Ottoman Sultan Selim I took the initiative to seize the Mamluk emirate of Dhu al-Qadir, which is located on the border between the Ottoman and Mamluk states. So Sultan al-Ghuri went to the Levant and a battle took place between the Mamluks and the Ottomans at Marj Dabiq and was defeated by the Mamluk forces."
التقي العثمانيون بجيوش طومان باي عند الريدانية بصحراء العباسية في يناير عام 1517م واسفرت المعركة عن هزيمة طومان باي وفوز العثمانيين ودخول العثمانيين القاهرة وهكذا انتهت دولة المماليك في مصر والشام وصارت مصر ولاية عثمانية .,"The Ottomans met the armies of Tuman Bey at Al-Raydaniyah in the Abbasid Desert in January 1517 AD. The battle resulted in the defeat of Tuman Bey, the victory of the Ottomans, and the entry of the Ottomans into Cairo. Thus, the Mamluk state in Egypt and the Levant ended, and Egypt became an Ottoman province."
تم هزيمة الجيوش المملوكية بسبب التفوق العسكري للجيش العثماني  و استخدام اساليب القتال الحديثة و الاسلحة المتطورة  و نزاع المماليك المستمر علي السلطة وعدم الاستقرار الداخلي .,"The Mamluk armies were defeated due to the military superiority of the Ottoman army, the use of modern fighting methods and advanced weapons, the ongoing Mamluk conflict over power, and internal instability."
وكانت نتائج هزيمة الجيوش المملوكية هي تحول مصر من دولة مستقلة الي ولاية من ولايات الدولة العثمانية ,The results of the defeat of the Mamluk armies were the transformation of Egypt from an independent state into one of the states of the Ottoman Empire
وسيطرة العثمانيون علي العالم العربي من اتجاهين هما الاسيوي و الافريقي و انتقال خلافة العالم الاسلامي الدينية و السياسية الي الدولة العثمانية و اعلان سليم الاول نفسه الحامي الوحيد للحرمين الشريفين ولجميع رعاياه في العالم الاسلامي .,"The Ottomans controlled the Arab world from two directions: Asian and African, and the transfer of the religious and political caliphate of the Islamic world to the Ottoman Empire, and Selim I declared himself the sole protector of the Two Holy Mosques and of all his subjects in the Islamic world."
ملامح الحياة في مصر ابان الحكم العثماني خضعت مصر للحكم العثماني نحو اربعة قرون متتالية وكان حكمهم جامدا راكدا نتج عنه تحول مصر الي ولاية معزولة عن المؤثرات الحضارية الحديثة في اوروبا .,"Features of life in Egypt during Ottoman rule. Egypt was subject to Ottoman rule for about four consecutive centuries, and their rule was rigid and stagnant, resulting in Egypt turning into a state isolated from modern civilizational influences in Europe."
في الحياة السياسية للدولة العثمانية وضع العثمانيون نظاما للحكم يتكون من عندة هيئات  وهي الوالي و الديوان و الحامية العثمانية و ادارة الاقاليم .,"In the political life of the Ottoman Empire, the Ottomans established a system of government consisting of several bodies, namely the governor, the court, the Ottoman garrison, and the administration of the regions."
لقد حمل نظام الحكم العثماني في ثناياه عوامل ضعفه بسبب قصر مدة حكم الوالي التي تتراوح ما بين سنة وثلاث سنوات وزيادة سلطة الديوان و الحامية العثمانية .,"The Ottoman system of government carried within it its weaknesses due to the short period of rule of the governor, which ranged between one and three years, and the increased authority of the court and the Ottoman garrison."
ونتيجة ضعف الدولة العثمانية تطلع بكوات المماليك (حكام الاقاليم) للانفراد بالحكم وكان من ابرزهم علي بك الكبير الذي صار الحاكم الفعلي لمصر عام 1768م,"As a result of the weakness of the Ottoman Empire, the Mamluks (provincial rulers) looked to monopolize power. The most prominent of them was Ali Bey the Great, who became the de facto ruler of Egypt in 1768 AD"
تحالف علي بك الكبير مع الشيخ ظاهر العمر حاكم جنوب الشام واخضع الحجاز لنفوذه وارسل نائبه محمد بك ابو الدهب لغزو الشام واستطاع دخول دمشق الا انه انحاز للسلطان العثماني واتفق معه ضد علي بك الكبير وفشلت حركة علي بك الكبير وعادت مصر ولاية عثمانية تحت حكم شيخ البلد محمد بك ابو الدهب .,"Ali Bey the Great allied with Sheikh Zahir al-Omar, the ruler of the southern Levant, and subjected the Hijaz to his influence. He sent his deputy, Muhammad Bey Abu al-Dahab, to invade the Levant and was able to enter. Damascus, but he sided with the Ottoman Sultan and agreed with him against Ali Bey the Great. Ali Bey the Great’s movement failed and Egypt returned to an Ottoman state under the rule of the sheikh of the country, Muhammad Bey Abu Al-Dahab."
تدهورت الحياة الاقتصادية في مصر ابان العصر العثماني حيث كانت الزراعة كانت الارض ملكا للدولة ممثلة في السلطان وكانت تتم زراعتها عن طريق تكليف الفلاحين فيما عرف بحق الانتفاع حيث ينتفع الفلاح بزراعة الاراضي وليس له في التصرف فيها ومع ضعف الدولة العثمانية تم تطبيق نظام الالتزام في منتصف القرن 17م.,"Economic life deteriorated in Egypt during the Ottoman era, as agriculture was the property of the state, represented by the Sultan, and it was cultivated by entrusting the farmers with what was known as usufruct, where the farmer benefits from cultivating the lands and does not have the right to dispose of them. With the weakness of the Ottoman Empire, the commitment system was implemented in the middle of the century 17 "
أثقلت الدولة الفلاح بالضرائب المفروضة علي الاراضي الزراعية وشدة تعسف وظلم الملتزمين في جمعها وعدم اهتمام الطبقة الحاكمة بتنظيم الري او اقامة السدود وحفر الترع مما ادي الي تدهور الزراعة وتدهور احوال المجتمع الريفي بوجه عام .,"The state burdened the farmer with taxes imposed on agricultural lands, the severity of the arbitrariness and injustice of those responsible for collecting them, and the lack of interest of the ruling class in organizing irrigation or constructing dams and digging canals, which led to the deterioration of agriculture and the deterioration of the conditions of rural society in general."
تاخرت الصناعة في العصر العثماني في مصر بسبب تدهور الزراعة ونتقال الحرفيين والصناع المهرة الي الاستانة عاصمة الدولة العثمانية فاصبحت الصناعات يدوية بسيطة وكانت رديئة .,"Industry was delayed in the Ottoman era in Egypt due to the deterioration of agriculture and the movement of skilled craftsmen and craftsmen to Astana, the capital of the Ottoman Empire, so handicrafts became simple and poor."
كسدت التجارة الداخلية في مصر ابان العصر العثماني بسبب تدهور الزراعة والصناعة وافتقاد الامان وعدم الاهتمام بالطرق البرية والاغارات المتلاحقة لبدو الصحراء التجارة الخارجية تدهورت التجارة الخارجية بسبب تحول الطريق التجاري بين الشرق والغرب الي طريق راس الرجاء الصالح ومنح الدولة العثمانية الامتيازات الاجنبية للدول الاوروبية .,"Internal trade in Egypt stagnated during the Ottoman era due to the deterioration of agriculture and industry, lack of security, lack of interest in land routes, and successive raids by desert Bedouins. Foreign trade Foreign trade deteriorated due to the transformation of the trade route between East and West to the Cape of Good Hope route and the granting of foreign privileges to European countries by the Ottoman Empire."
الحياة الاجتماعية خلال الحكم العثماني ينقسم الي فئتين متميزتين فئة الحكام حيث كان لها كافة السلطات في شئون الحكام والادارة والجيش وتركزت في ايدي الاتراك و المماليك,"Social life during Ottoman rule was divided into two distinct categories: the category of rulers, which had all the powers in the affairs of the rulers, administration, and the army, and was concentrated in the hands of the Turks and the Mamluks."
و فئة المحكومين كانت تنقسم الي طبقة وسطي محدودة من المشايخ وعلماء الازهر ورجال الدين و كبار التجار وطبقة دنيا هم الاكثرية من الفلاحين وصغر الحرفيين وعامة الناس وقد عانت من الظلم والفقر وتفشي الاوبئة  والامراض .,"The class of the governed was divided into a limited middle class of sheikhs, Al-Azhar scholars, clerics, and major merchants, and a lower class, the majority of whom were peasants, small craftsmen, and the common people. It suffered from injustice, poverty, and the spread of epidemics and diseases."
اتسمت الحياة الفكرية والثقافية خلال فترة الحكم العثماني بالجمود والتخلف بسبب العزلة التي فرضها العثمانيون علي البلاد وقد ترتب علي ذلك اهتزاز مكانة الازهر العلمية انذاك ولم يعد هناك اهتمام بالعلوم العقلية او الرياضية او الطبيعية ولكن كان هناك اهتمام العلوم الشرعية وتدهور الحياة الادبية و انتشار الدجل والشعوذة والخرافات وشاع الجهل .,"Intellectual and cultural life during the period of Ottoman rule was characterized by stagnation and backwardness due to the isolation imposed by the Ottomans on the country. This resulted in a shake-up of Al-Azhar’s scientific standing at that time. There was no longer interest in the mental, mathematical, or natural sciences, but there was interest in the legal sciences, the deterioration of literary life, and the spread of quackery, sorcery, and superstition. Ignorance spread."
واكب الضعف الذي اصاب الدولة العثمانية بدء التنافس الاستعماري بين انجلترا وفي فرنسا في اواخر القرن السابع عشر الميلادي واستمر طوال القرن العاشر الميلادي,The weakness that befell the Ottoman Empire coincided with the beginning of the colonial rivalry between England and France in the late seventeenth century AD and continued throughout the tenth century AD. 
وتعد الحملة الفرنسية علي مصر والشام جزء من هذا التنافس و وجه القنصل الفرنسي في مصر تقارير تفيد بسوء الاوضاع السياسية والداخلية في مصر يحث فيها حكومة الثورة الفرنسية علي ارسال حملة عسكرية علي مصر لذلك ارسلت فرنسا حملتها بقيادة نابليون بونابرت عام 1798م,"The French campaign against Egypt and the Levant was part of this rivalry. The French consul in Egypt sent reports indicating the deteriorating political and internal conditions in Egypt, urging them to The government of the French Revolution wanted to send a military campaign to Egypt, so France sent its campaign under the leadership of Napoleon Bonaparte in 1798 AD."
لتعويض فرنسا عن فقدان مستعمراتها بإنشاء مستعمرة فرنسية في الشرق تكون قاعدتها مصر وقطع الطريق يين انجلترا و مستعمراتها في الهند,To compensate France for the loss of its colonies by establishing a French colony in the East with its base in Egypt and blocking the route between England and its colonies in India.
اعد نابليون الحمله بقيامه باعداد الجيش واصطحاب مجموعة من العلماء في مختلف العلوم والفنون لدراسة احوال مصر من جميع النواحي وكيفية استغلال مواردها واحضار مطبعتين إحداهما فرنسية والاخري عربية وذلك لطبع المنشورات للاهالي,"Napoleon prepared the campaign by preparing the army and taking a group of scholars in various sciences and arts to study the conditions of Egypt in all aspects and how to exploit its resources and bringing two printing presses, one French and the other Arabic, to print leaflets for the people."
خط سير الحملة : ابحرت الحملة من ميناء الون سرا ثم اصدر نابليون اوامره بان تتجه الحمله نحو مصر,"Campaign itinerary: The expedition sailed from the port of Alon secretly, then Napoleon issued orders for the expedition to head towards Egypt."
 وصلت الحملة الي مدينة الاسكندرية فةةاده اهالي الاسكندرية الحملة بزعامه حكامها السيد محمد كريم قوات الحملة قبل ان تصل قوات المماليك من القاهرة ولهذا اعتقلتهالقوات الفرنسية ثم اعدم رميا بالرصاص في سبتمبر ,"The campaign reached the city of Alexandria. The people of Alexandria, led by its ruler, Mr. Muhammad Karim, led the campaign forces before the Mamluk forces arrived from Cairo. For this reason, the French forces arrested them and then executed them by firing squad in September 1798 AD."
واصلت القوات الفرنسية زحفها في طريقها الي القاهرة فالتقت بقوات المماليك بالقرب من شبراخيت في البحيرة في يوليو 1798م فهزموا وفروا جنوبا للدفاع عن القاهرة وراطت عند امبابة وهناك واجه المماليك القوات الفرنسية مرة اخري حيث هزموا وفر مراد بك الي الصعيد وهرب ابراهيم بك ومعه الوالي العثماني الي الشام وكان من اسباب هزيمة المماليك اعتمادهم علي الفروسية بينما كان الفرنسيون يستخدمون المدافع والمعدات الحديثة .,"The French forces continued their advance on their way to Cairo, and they met the Mamluk forces near Shubrakhit in Beheira in July 1798 AD. They were defeated and fled south to defend Cairo. They were stationed at Imbaba. There, the Mamluks faced the French forces again, where they were defeated. Murad Bey fled to Upper Egypt, and Ibrahim Bey fled with the Ottoman governor to the Levant. One of the reasons for the defeat of the Mamluks was their reliance on horsemanship, while the French were using modern cannons and equipment."
دخل نابليون القاهرة بعد ان امن العلماء والمشايخ في الجامع الازهر علي الارواح والاموال,Napoleon entered Cairo after the scholars and sheikhs at Al-Azhar Mosque had secured lives and money.
اغرق الاسطول الانجليزي بقيادة نيلسون اسطول الحملة الفرنسية في خليج ابي قير و حاصر الاسطول البرطاني شواطئ مصرالشمالية في اغسطس 1798م مما ادي الي : القضاء علي امال فرنسا في السيطرة علي سواحة البحر المتوسط و حرمان مصر من امدادات فرنسا لها وشعور الجنود الفرنسيون بانهم محاصرون داخل مصر و توقفت حركة التجارة الخارجية بالنسبة الي مصر,"The English fleet, led by Nelson, sank the French expeditionary fleet in Abu Qir Bay, and the British fleet besieged the northern shores of Egypt in August 1798 AD, which led to: eliminating France’s hopes of controlling the Mediterranean coast, depriving Egypt of French supplies, and making the French soldiers feel that they were besieged inside Egypt. Foreign trade activity stopped for Egypt"
اخفقت القوات الفرنسية في اخضاع اهالي الصعيد الذين اتبعوا حرب المناوشات والمعارك المتفرقة التي انهكت قوة الفرنسيين نظرا لطول الواديمما ادي الي تعاظم الشعور الوطني ونمو الوعي تجاه الاحتلال الفرنسي ,"The French forces failed to subjugate the people of Upper Egypt, who continued the war of skirmishes and sporadic battles that exhausted the strength of the French due to the length of the valley, which led to the increase of national feeling and the growth of awareness towards the French occupation."
ثورة القاهرة الاولي عام اكتوبر 1798م  اسبابها : فرض نابليون بونابرت الضرائب الفادحة و تفتيش البيوت بحثا عن الاموال وهدم ابواب الحارات لمطاردة عناصر المقاومة وهدم كثير من الاثار والمساجد والمباني بحجة تحصين القاهرة,"The First Cairo Revolution in October 1798 AD Its reasons: Napoleon Bonaparte imposed heavy taxes, searched homes in search of money, demolished neighborhood doors to chase away resistance members, and demolished many monuments, mosques, and buildings under the pretext of fortifying Cairo."
 احداثها: اصبح الازهر الشريف مقر قيادة الثورة واشتدت  المقاومة وامتدت الثورة الي الاقاليم المجاورة وقتل حاكم مدينة القاهرة الفرنسي و استخدمت قوات الاحتلال الفرنسية سياسة القمع و الارهاب لاخماد الثورة و دخلوا جامع الازهر بخيولهم مما اثار الشعور الديني لدي المصريين ,"Its events: Al-Azhar Al-Sharqi became the headquarters of the revolution’s leadership. The resistance intensified and the revolution spread to neighboring regions. The French governor of Cairo was killed. The French occupation forces used a policy of repression and terrorism to put down the revolution. They entered Al-Azhar Mosque with their horses, which aroused the religious feeling among the Egyptians."
"ومن نتائجها: إعدام العديد من السكان والثوار، وفرض غرامات مالية على التجار والعلماء، وبدأت القوات الفرنسية في تحصين القاهرة.","Its results: the execution of many residents and revolutionaries, the imposition of financial fines on merchants and scholars, and the French forces began to fortify Cairo."
"الحملة الفرنسية على الشام 1799م:الأسباب: تحالفت الدولة العثمانية مع إنجلترا وروسيا لطرد الفرنسيين من مصر بالقوة العسكرية، فأعدوا حملتين لغزو مصر، الأولى بحرية على جزيرة رودس إلى مصر من الشمال، والثانية برية إلى مصر من الشرق عبر بلاد الشام.","The French campaign against the Levant, 1799 AD: Reasons: The Ottoman Empire allied with England and Russia to expel the French from Egypt by military force, so they prepared two campaigns to invade Egypt, the first freely on the island of Rhodes to Egypt from the north, and the second overland to Egypt from the east via the Levant."
"الأحداث: قاد نابليون بونابرت قواته إلى بلاد الشام من اتجاه العريش، وهزم الجيش العثماني قبل وصوله إلى مصر، في مارس 1799م. وفي طريقه استولى على العريش وغزة وحاصر يافا تحت حصار شديد. وبعد سيطرته على يافا، قام بإعدام جميع أفراد حمايتها رغم ضمان حياتهم، وارتكب جريمة. كان مروعا","Events: Napoleon Bonaparte led his forces to the Levant from the direction of Al-Arish, defeating the Ottoman army before arriving in Egypt, in March 1799 AD. On his way, he seized Al-Arish and Gaza and besieged Jaffa under a severe siege. After taking control of Jaffa, he executed all of its protection members despite ensuring their lives, committing a crime. It was horrific"
والتي سميت بهذا الاسم نسبة إلى مذبحة يافا الإنسانية التي أدت إلى مقاومة وبسالة أهل عكا من مدينتهم بقيادة أحمد باشا الجزار بمساعدة الأسطول البريطاني وإمداده بالمؤن والذخيرة. ونتيجة لذلك فشلت الحملة الفرنسية على مصر واضطر نابليون للعودة إلى مصر.,"which was named after the human massacre of Jaffa, which led to the resistance and bravery of the people of Acre from their city, led by Ahmed Pasha Al-Jazzar, with the help of the British fleet and supplying it with supplies and ammunition. As a result, the French campaign against Egypt failed and Napoleon was forced to return to Egypt."
"معركة أبو قير البحرية أثناء عودة نابليون إلى مصر، وصل الأسطول العثماني إلى أبو قير ووجه نابليون قواته إليها، مما أدى إلى هزيمة القوات العثمانية.","The Naval Battle of Abu Qir During Napoleon's return to Egypt, the Ottoman fleet arrived at Abu Qir and Napoleon directed his forces to them, which led to the defeat of the Ottoman forces."
رحيل بونابرت خلال معركة أبو قير. ترك نابليون الحملة لنائبه كليبر وسافر سراً إلى فرنسا بسبب محاولات الدول الأوروبية ضد فرنسا.,Bonaparte's departure during the Battle of Abu Qir. Napoleon left the campaign to his deputy Kleber and secretly traveled to France because of the attempts of European countries against France.
"وكان كليبر من مؤيدي الجلاء عن مصر لأن المخاطر كانت تهدد الحملة الفرنسية من كل جانب، حيث انخفض عدد الجيش الفرنسي بسبب المعارك والحروب الداخلية والخارجية وإرسال الدولة العثمانية.","Kleber was a supporter of the evacuation from Egypt because dangers threatened the French campaign from every side, as the number of the French army decreased due to internal and external battles and wars and the sending of the Ottoman Empire."
حملة أخرى إلى العريش ودمياط وعودة المماليك للمقاومة وتجددت قوة المصريين في الشرقية وانتقلت إلى وسط الدلتا وأماكن أخرى,"Another campaign to Al-Arish and Damietta, and the return of the Mamluks to the resistance, and the strength of the Egyptians in the Sharqiya was renewed and moved to the middle of the Delta and elsewhere"
مما أدى إلى توجه كليبر للتفاوض مع الدولة العثمانية فيما سمي باتفاقية العريش عام 1800م.,which led to Clipper heading to negotiate with the Ottoman Empire in what is called the Al-Arish Agreement in 1800 AD.
"أ- شروطها: خروج الدولة الفرنسية بجنودها إلى اتجاه كليبر للتفاوض مع الدولة العثمانية، مما سيدفع العثمانيين للتقدم نحو القاهرة.","A- Its conditions: The departure of the French Empire with its soldiers to the direction of Kléber to negotiate with the Ottoman Empire, which will push the Ottomans to advance towards Cairo."
"ب - نتائجها: طلبت الحكومة البريطانية استسلام الجيش الفرنسي كأسرى حرب، إلا أن كليبر رفض","B - Its results: The British government requested the surrender of the French army as war prisoners, but Kléber refused"
هاجم كليبر الدولة العثمانية و اعادها متقهقرة الي الشام مرة اخري,Kleber attacked the Ottoman Empire and drove it back to the Levant once again
وبعد أن هدأت الأوضاع قُتل كليبر على يد سليمان الحلبي الطالب بجامعة الأزهر في يونيو عام 1800م. تولى مينو مسؤولية أحد المباني وكان ينوي الإقامة في ميسرا وتحويلها إلى مستعمرة فرنسية كبرى,"After the situation calmed down, Kléber was killed by Suleiman Al-Halabi, a student at Al-Azhar University, in June 1800 AD. Minou took charge of a building and intended to reside in Misra and turn it into a major French colony"
"ولتحقيق ذلك، نفذ خطة إصلاحية في مجالات الزراعة والصناعة والتجارة والصحة والنظام.","To achieve this, he implemented a reform plan in the fields of agriculture, industry, trade, health, and order."
تطهير المعركة الفرنسية:,Clearance of the French battle:
أرسلت إنجلترا أسطولاً عسكرياً إلى أبو قير (فبراير 1801م) لمنع الفرنسيين من مغادرة مصر والانضمام إلى الجيش العثماني. وعندما شاركت القوات الفرنسية في المقاومة استسلمت وخرجت من معركة مصر الفرنسية في سبتمبر 1801م.,"England sent a military fleet to Abu Qir (February 1801 AD) to prevent the French from leaving Egypt and joining the Ottoman army. When the French forces participated in the resistance, they surrendered and left the French Battle of Egypt in September 1801 AD."
نتائج ظهور الفرنسيين رافق نابليون بونابرت مجموعة من العلماء في مجالات تخصصية مختلفة وأسفر عن نتائج واسعة النطاق كانت على النحو التالي:,Results of the French Emergence Napoleon Bonaparte accompanied a group of scientists in various specialized fields and resulted in wide-ranging results that were as follows:
"أولاً: أيقظ نمو الروح القومية اعتناق الروحانية القومية الفرنسية بين المصريين، حيث تمسك المصريون بعد انتهاء اعتصام الفرنسيين باختيارهم للحرية وحاكمهم.","First: The growth of the nationalist spirit awakened the embrace of French nationalist spirituality among the Egyptians, as the Egyptians adhered, after the end of the French sit-in, to their choice of freedom and their ruler."
ثانياً: الأعمال التي قامت بها التجارة الفرنسية: 1- دراسة التفاصيل الخاصة بين البحرين والبحرين  2- تأسيس المجتمع المصري 3- تأليف كتاب في وصف مصر,Second: Actions carried out by French trade: 1- Study of special details between Bahrain and Bahrain 2- Establishing Egyptian society 3- Writing a book describing Egypt
4- اكتشاف حجر رشيد عام 1799م وما تلا ذلك من معرفة التاريخ المصري القديم,4- The discovery of the Rosetta Stone in 1799 AD and the subsequent knowledge of ancient Egyptian history
"ثالثا: توجيه انتباه الدولة الأوروبية إلى أهمية موقع مصر الجغرافي، حيث وجهت الحملة انتباه الدول الأوروبية بشكل عام وإنجلترا بشكل خاص إلى أهمية موقع مصر الجغرافي والاستراتيجي.","Third: Directing the attention of the European country to the importance of Egypt’s geographical location, as the campaign directed the attention of European countries in general and England in particular to the importance of Egypt’s geographical and strategic location."
"رابعاً: نظام الحكم والإدارة، حيث أنشأ نابليون بونابرت الديوان العام، والمكاتب الإقليمية، ومكتب القاهرة","Fourth: The system of government and administration, as Napoleon Bonaparte established the General Office, the Regional Offices, and the Cairo Office"
بهدف تدريب الأعيان والعلماء المصريين على نظام مجلس الشورى من حيث التشاور وتلقي الآراء فيما يعود بالنفع على الشعب والمصلحة العامة.,with the aim of training Egyptian notables and scholars on the Shura Council system in terms of consultation and receiving opinions for what is beneficial to the people for the public benefit.
خامساً: الآثار الاقتصادية والاجتماعية. وقد طورت الحملة بعض المشاريع الإصلاحية في المجالات التالية:,Fifth: Economic and social impacts. The campaign has developed some projects for reform in the following areas:
1- الزراعة: تنويع المحاصيل الزراعية والاهتمام بمشاريع الري,1- Agriculture: Diversification of agricultural crops and interest in irrigation projects
2- الصناعة: إنشاء مصنع للنسيج وبعض الصناعات الدقيقة والدباغة وصناعة خطابات الطباعة,"2- Industry: Establishment of a textile factory, some fine industries, tanning, and the manufacture of printing letters"
"3- التجارة: فتح الأسواق لمصر في دول البحر الأحمر، ودارفور في السودان، والحبشة، ودول شمال أفريقيا.","3- Trade: Opening markets for Egypt in the Red Sea countries, Darfur in Sudan, Abyssinia, and North African countries."
الصحة العامة: إنشاء المحاجر الصحية في القاهرة والعديد من المدن الأخرى,Public Health: Establishing health quarantines in Cairo and many other cities
محمد علي يتولى حكم مصر,Muhammad Ali assumed rule of Egypt
"بدأت الدولة العثمانية في استعادة حكم البلاد، لكن الشعب المصري قام بالعديد من الثورات ضد الولاة العثمانيين وقادة المماليك.","The Ottoman Empire began to regain rule of the country, but the Egyptian people launched many revolts against the Ottoman governors and Mamluk leaders"
وأهمها ثورة الشعب في مارس 1804م بسبب فرض الضرائب والإتاوات. كان محمد علي يخشى أن تلحق الثورة الضرر بجنوده,the most important of which was the People’s Revolution in March 1804 AD due to the imposition of taxes and royalties. Muhammad Ali feared that the revolution would harm his soldiers
"فأعلن انضمام العلماء والمشايخ والاختلاط مع الساخطين. وتعهد أمام العلماء بأنه سيبذل قصارى جهده لرفع الضريبة على الناس،","so he declared the scholars and sheikhs to join and mingled with the dissatisfied people. He pledged to the scholars that he would do his utmost to raise the tax on the people, "
"واقترح تعيين خورشيد باشا والياً على مصر، الذي كان يعينه السلطان العثماني. ونتيجة لذلك، نال محمد علي تعاطف الشعب وثقة قادته. وكان الناس ينظرون إليه على أنه رجل عادل يكره الظالم.","and he proposed appointing Khurshid Pasha as governor of Egypt, who had been appointed by the Ottoman Sultan. As a result, Muhammad Ali gained the sympathy of the people and the trust of his leaders. The people looked at him as a just man who hated the oppressor."
اجتمع زعماء الشعب من العلماء وزعماء الطوائف في بيت الحكمة (بيت القاضي) في 13 مايو 1805م,"The leaders of the people, including scholars and leaders of the sects, met in the House of Wisdom (the Judge’s House) on May 13, 1805 AD "
وقرر عزل خورشيد باشا (الوالي العثماني) وتعيين محمد علي مكانه.,and decided to remove Khurshid Pasha (the Ottoman governor) and appoint Muhammad Ali in his place. 
"وأخذوا منه العهود والمواثيق أن لا يدخل في أي أمر إلا بنصيحتهم، وهذا هو الأول. مرة واحدة في تاريخ مصر الحديث، تم عزل الوالي وتعيين آخر بإرادة الشعب","They took covenants and covenants from him that he would not enter into any matter except with their advice, and this was the first. Once in Egypt's modern history, the governor was removed and another was appointed by the will of the people"
"أصدر السلطان العثماني مرسوماً في 9 يوليو 1805م، تضمن إقالة خورشيد باشا وتعيين محمد علي والياً على مصر.","The Ottoman Sultan issued a decree on July 9, 1805 AD, which included the dismissal of Khurshid Pasha and the appointment of Muhammad Ali as governor of Egypt."
"قبل أن يتفرغ محمد علي لبناء الدولة الحديثة، كان عليه أن يطمئن إلى استقرار الحكم بين يديه، وأن يواجه العديد من المشكلات التي واجهته والتي تمثلت في","Before Muhammad Ali devoted himself to building a modern state, he had to be reassured of the stability of rule in his hands and confront many of the problems that confronted him, which were represented in "
محاولة نقل محمد علي من مصر عام 1806م,An attempt to transfer Muhammad Ali from Egypt in 1806 AD
ولم تستسلم بريطانيا بسهولة بعد تولي محمد علي السلطة إذا كانت تسعى لتعيين محمد بك الألفي مملوكيا لتطمئن نفسها على مصالحها الاقتصادية في المنطقة.,Britain did not yield easily after Muhammad Ali took power if it was seeking to appoint Muhammad Bey al-Alfi as the Mamluk in order to reassure itself of its economic interests in the region
"فحاولت إقناع السلطان العثماني بإقالة محمد علي وتكليف محمد بك الألفي بولاية مصر أو لأي حاكم عثماني آخر، واستجاب السلطان.","So it tried to persuade the Ottoman Sultan to remove Muhammad Ali and assign the governorship of Egypt to Muhammad Bey al-Alfi or to any other Ottoman ruler, and the Sultan responded."
أرسل أسطولاً يحمل مرسوماً بنقل محمد علي والياً على سالونيك في مقدونيا وتسليم السلطة دون معارضة أو مقاومة إلى والي عثماني جاء مع الأسطول,He sent a fleet carrying a decree to transfer Muhammad Ali as governor of Thessaloniki in Macedonia and hand over power without opposition or resistance to an Ottoman governor who came with the fleet
"لكن القيادة الشعبية المصرية وقفت إلى جانب محمد علي، فأذعن السلطان العثماني وتخلى عن فكرة نقل محمد علي من ولاية مصر مع تعيينه لها.",", but the Egyptian popular leadership stood by Muhammad Ali, so the Ottoman Sultan yielded and abandoned the idea of transferring Muhammad Ali from the governorship of Egypt while appointing him to it"
حملة فريزر 1807م,Fraser's campaign 1807 AD
"أسبابها: استغلت بريطانيا تدهور علاقتها بالسلطان العثماني، فأرسلت حملة عسكرية في مارس 1807م لاحتلال مصر، وخلع محمد علي، وتثبيت تابعها المملوكي محمد بك الألفي.","Its reasons: Britain took advantage of the deterioration of its relationship with the Ottoman Sultan, and sent a military campaign in March 1807 AD to occupy Egypt, depose Muhammad Ali, and install its Mamluk vassal Muhammad Bey Al-Alfi."
وكان من أهم نتائجها هزيمة الحملة في رشيد وحماد,One of its most important results was the defeat of the campaign in Rashid and Hammad
إخلاء الحملة مقابل إطلاق سراح الأسرى - دخل محمد علي الإسكندرية منتصرا,Evacuation of the campaign in exchange for the release of the prisoners - Muhammad Ali entered Alexandria victorious
القيادة الشعبية,Popular leadership
"أدرك محمد علي قوة القيادة الشعبية ممثلة بالسيد عمر مكرم، ودورها في توليه السلطة، والقيود التي فرضت عليها عند قبوله الولاية.","Muhammad Ali realized the strength of the popular leadership represented by Mr. Omar Makram, its role in his assumption of power, and the restrictions imposed on it when he accepted the mandate. "
"ورأى محمد علي ضرورة أن يحكم بمفرده دون وصاية أو رقابة شعبية، فبدأ ينتظر الوقت المناسب للتخلص من السيد عمر مكرم.","Muhammad Ali saw the need for him to rule alone without popular tutelage or oversight, so he began to wait for the appropriate time to get rid of Mr. Omar Makram."
وقد ساعده في تحقيق ذلك انقسام القيادات الشعبية فيما بينها حول تقدير السيد عمر مكرم ومكانته بين الناس,He was helped in achieving this by the division of the popular leaders among themselves over the appreciation of Mr. Omar Makram and his status among the people
"حيث بدأ منافسوه يتسللون إليه مع محمد علي الذي انتهز الفرصة وعرض علي الخدمة من نقابة الأشراف، فترحيله، ونفيه إلى دمياط عام 1809م.","as his rivals began to infiltrate him with Muhammad Ali, who seized the opportunity and offered me service from the supervision union, deporting him, and exiling him to Damietta in 1809 AD."
"المماليك: عمل محمد علي على التخلص من المماليك لأنه رأى أنهم مصدر قلق وفوضى، واتبع عدة أساليب","Mamluks: Muhammad Ali worked to get rid of the Mamluks because he saw that they were a source of anxiety and chaos, and he followed several methods"
"ومنها: حرمانهم من تولي مناصب رفيعة في الدولة كمشيخة البلاد، ومطاردتهم في كل مكان، والترتيب لمذبحة القلعة الشهيرة في مارس 1811م.","including: depriving them of holding high-ranking positions in the state, such as the sheikhdom of the country, chasing them everywhere, and arranging the famous citadel massacre in March 1811 AD"
"ومع هذا. ومكنت الإجراءات محمد علي من حكم البلاد بشكل كامل، والتي أراد ببُعد نظره وطموحه أن تكون على نفس مستوى الدول الأوروبية الحديثة.","and with this. The procedures enabled Muhammad Ali to completely rule the country, which he wanted, with his farsightedness and ambition, to be on the same level as modern European countries."
بدأ إعداد الجنود بتجنيد السودانيين ثم تحول إلى تجنيد المصريين الذين أثبتوا كفاءتهم من خلال التدريب المنتظم وإطاعة الأوامر العسكرية وفي ساحات القتال الخارجية.,The preparation of soldiers began with the recruitment of Sudanese and then turned to the recruitment of Egyptians who proved their competence by regularly training and obeying military orders and on foreign battlefields.
الأسطول: اهتم محمد علي بإنشاء ترسانته في بولاق ثم في الإسكندرية لصناعة السفن وتزويدها بجميع أنواع الأسلحة. كما قام بإعداد أماكن لتدريب وتعليم البحارة والجنود.,The fleet: Muhammad Ali was interested in establishing his arsenal in Boulaq and then in Alexandria to manufacture ships and supply them with all types of weapons. He also prepared places for the training and education of sailors and soldiers.
"مصانع الأسلحة والذخائر. اهتم محمد علي بالتصنيع العسكري، فأنشأ في القلعة ترسانة لصناعة الأسلحة. وأنشأ قلاعًا للدفاع عن البلاد في الإسكندرية ورشيد ودمياط.","Weapons and ammunition factories. Muhammad Ali was interested in military manufacturing, so he established an arsenal in the castle to manufacture weapons. He established castles to defend the country in Alexandria, Rosetta, and Damietta."
خامساً: البناء السياسي للدولة الحديثة في مصر. السياسة الداخلية. عندما تولى محمد علي السلطة,Fifth: The political construction of the modern state in Egypt. Internal politics. When Muhammad Ali assumed power
"وبدأ في إعادة تنظيم الإدارة بما يضمن له السيطرة الكاملة على شؤون البلاد، وذلك وفق الإجراءات التالية: تقسيم مصر إلى سبع مديريات، وإنشاء على رأس الجهاز الإداري الحكومة المركزية في القاهرة ومنها. وتصدر كافة الأمور اللازمة للتنفيذ","he began to reorganize the administration in a way that would guarantee him complete control over the affairs of the country, in accordance with the following procedures: dividing Egypt into seven directorates and establishing at the head of the administrative system the central government in and from Cairo. All necessary matters for implementation are issued"
"أنشأ عدة مجالس ومكاتب، منها المحكمة العليا ومجلس الشورى","He established several councils and offices, including the High Court and the Consultation Council"
صدر نظام جديد عام 1837م لإعادة تنظيم الإدارة إلى سبعة مكاتب وتحديد صلاحياتها,Issuing a new regulation in 1837 AD to reorganize the administration into seven offices and define their powers
"السياسة الخارجية: سعى محمد علي إلى الانفصال عن الدولة العثمانية والاستقلال في مصر. ومرت العلاقة بينه وبين السلطان بمرحلتين، مرحلة الاتفاق ثم مرحلة الخلاف والصدام بينهما.","Foreign policy: Muhammad Ali sought separation from the Ottoman Empire and independence in Egypt. The relationship between him and the Sultan passed through two stages, the stage of agreement and then the stage of disagreement and clash between them."
حروب محمد علي: الحروب التي تمثلت في حروب بناء على طلب السلطان العثماني في شبه الجزيرة العربية واليونان,Wars of Muhammad Ali: Wars that consisted of wars at the request of the Ottoman Sultan in the Arabian Peninsula and Greece
وتمثلت مرحلة الخلاف بالحروب بناءً على رغبة محمد علي في السودان والشام,The stage of dispute was represented by wars based on the desire of Muhammad Ali in Sudan and the Levant
حروبه في الجزيرة العربية (1811-1819م): عرفت بالحروب الوهابية وكان هدفها القضاء على الدعوة الوهابية من أجل إرشادهم إلى نفوذ الدولة العثمانية في الجزيرة الوهابية وانتهت بالسيطرة على الجزيرة العربية. شبه جزيرة.,His wars in the Arabian Peninsula (1811-1819 AD): They were known as the Wahhabi Wars and aimed to eliminate the Wahhabi call in order to guide them to the influence of the Ottoman Empire in the Wahhabi Peninsula and ended with control over the Arabian Peninsula.
"ضم السودان سنة (1820 – 1822م): تم ضم السودان لأسباب سياسية واقتصادية وعسكرية. وأدى ذلك إلى امتداد النفوذ المصري إلى جنوب السودان، وإنشاء العاصمة الخرطوم، واكتشاف منابع النيل.","The annexation of Sudan in the year (1820 - 1822 AD): Sudan was annexed for political, economic, and military reasons. This resulted in the extension of Egyptian influence to southern Sudan, the establishment of the capital, Khartoum, and the discovery of the sources of the Nile."
الحروب اليونانية (1821 م – 1828 م) :,Greek Wars (1821 AD - 1828 AD) :
"وكان هدفها القضاء على ثروات اليونانيين في مروة الذين طالبوا بالاستقلال عن الدولة العثمانية، وانتهت بهزيمة الجيش وتدمير الأسطول المصري في معركة نافارين (1827م).","It aimed to eliminate the wealth of the Greeks in Marwa, who demanded independence from the Ottoman Empire, and ended with the defeat of the army and the destruction of the Egyptian fleet in the Battle of Navarine (1827 AD) "
وأدى إلى ضم جزيرة كريت إلى دولة مصر وإلى مكانة مصر الدولية نتيجة مفاوضات الدول الأوروبية مع محمد علي لإنهاء حرب 1828م.,and led to the annexation of the island of Crete to the state of Egypt and to Egypt’s international standing as a result of the European countries’ negotiations with Muhammad Ali to end The war of 1828 AD
مما ساعد على نمو فكرة الانفصال عن الدولة العثمانية وتحقيق الاستقلال المصري,which helped grow the idea of secession from the Ottoman Empire and achieving Egyptian independence
حروب الشام (1831 م – 1839 م) توترت العلاقات بين محمد علي والسلطان العثماني بسبب مفاوضات محمد علي مع القوى الأوروبية لتأمين انسحاب الجيش المصري من المورة,The Levant Wars (1831 AD - 1839 AD) Relations between Muhammad Ali and the Ottoman Sultan became tense due to Muhammad Ali’s negotiations with the European powers to secure the withdrawal of the Egyptian army from Morea
عزم محمد علي على الانفصال والاستقلال في مصر فكانت الجبهة بينه وبين الدولة العثمانية فيما عرف بحرب الشام الأولى والثانية," Muhammad Ali’s determination to secede and become independent in Egypt, so the front was between him and the Ottoman Empire in what was known as the First and Second Levant War"
"وأدى ذلك إلى وصول القوات المصرية إلى الشام وأعالي الفرات، وامتداد النفوذ المصري في الشام","This resulted in the arrival of Egyptian forces to the Levant and Upper Qarat, and the extension of Egyptian influence in the Levant"
التدخل الأوروبي: أدركت الدول الأوروبية الخطر الذي كان يمثله محمد علي على التوازن الدولي نتيجة انتصاراته,European intervention: The European countries realized the threat that Muhammad Ali represented to the international balance as a result of his victories 
"وزيادة نفوذه، فتدخلت الدول الأوروبية في المفاوضات مع السلطان لفرض ما اعتبرته شروطًا على محمد علي،","and the increase in his influence, so the European countries intervened in negotiations with the Sultan to impose what they saw as conditions on Muhammad Ali,"
"والتي انتهت بمعاهدة لندن الدولية عام 1840م والتي شملت بلاد الشام والجزيرة. العربية إلى السلطان العثماني، وتنصيب محمد علي حكماً لمصر، وإعلان الخضوع للسلطان العثماني، واضطر محمد علي لقبول شروطها.","which ended with the London International Treaty in 1840 AD, which included the Levant and the Peninsula. Arabic to the Ottoman Sultan, installing Muhammad Ali in the rule of Egypt, and declaring submission to the Ottoman Sultan, and Muhammad Ali was forced to accept its conditions."
وفي يونيو عام 1841م أصدر السلطان العثماني مرسوماً بمنح حق الميراث لمصر لابنه الأكبر. ثم أصدر السلطان العثماني مرسوماً آخر بشأن ولاية محمد علي على السودان في مصر.,"In June 1841 AD, the Ottoman Sultan issued a decree granting the right of inheritance to Egypt for his eldest son. Then the Ottoman Sultan issued another decree regarding Muhammad Ali’s guardianship of Sudan in Egypt."
فرمان: أمر يصدر من سلطان الدولة العثمانية ويجب تنفيذه,Firman: An order issued by the Sultan of the Ottoman Empire that is obligatory to implement
إبراهيم باشا 1848 م,Ibrahim Pasha 1848 AD
عباس الأول 1848 : 1854 م,Abbas I 1848: 1854 AD
سعيد باشا 1863 : 1879 م,Said Pasha 1863: 1879 AD
الخديوي إسماعيل 1854 : 1863 م,Khedive Ismail 1854: 1863 AD
الخديوي توفيق 1879 : 1892 م,Khedive Tawfiq 1879: 1892 AD
خلفاء محمد علي لم يكونوا مثله في القوة والوعي حتى يثبتوا كفاءتهم في حكم البلاد,"The successors of Muhammad Ali were not like him in terms of strength and awareness, such that they would prove their competence in ruling the country"
"لقد هاجمتهم الموجة الغربية، ولم يكن أحد منهم يمتلك الكفاءة اللازمة للمواجهة","The Western wave assailed them, and none of them possessed the necessary competence for confrontation"
"أفلتت مقاليد الأمور من أيديهم، وتأرجحوا بين إظهار مظاهر الميل نحو فرنسا وبريطانيا والدولة العثمانية، وذلك على حساب مصر واستقلالها.","The reins of affairs slipped from their hands, and they oscillated between showing manifestations of inclination towards France, Britain, and the Ottoman Empire This is at the expense of Egypt and its independence"
أولاً: عهد عباس باشا الأول (1848:1854) م,First: The reign of Abbas Pasha I (1848:1854) AD
"تولى عباس باشا الأول حكم مصر في نوفمبر عام 1848م، وفي عهده توقفت حركة النهضة التي ظهرت في عهد (محمد علي)","Abbas Pasha I took over the rule of Egypt in November 1848 AD, and during his era the Renaissance movement that appeared in the era of (Muhammad Ali) stopped"
"حيث تم إغلاق معظم المدارس ومعظم المصانع، وتم تقليص حجم الجيش، وتوقف عمل الترسانة البحرية، ومن الأعمال القليلة التي تمت في عهده كان إصلاح الطريق البري بين القاهرة والسويس.","as most schools and most factories were closed, the size of the army was reduced, and the work of the naval arsenal was suspended, and among the few works that took place during his reign was reform The land road between Cairo and Suez"
والبدء في إنشاء أول خط للسكة الحديد بين القاهرة والإسكندرية عام 1852م.,and the start In establishing the first railway line between Cairo and Alexandria in 1852 AD.
ثانياً: عهد محمد سعيد باشا (1854 : 1863) م,Second: The era of Muhammad Saeed Pasha (1854: 1863) AD
"تولى سعيد الحكم بعد وفاة عباس الأول، وشهدت البلاد في عهده تقدماً في بعض المجالات التالية:","Said assumed power after the death of Abbas I, and the country witnessed progress during his reign in some of the following areas:"
أ) الزراعة,A) Agriculture
"اهتم بإصلاح أوضاع المزارعين، حيث أصدر النظام الصعيدي في أغسطس 1858م، والذي بموجبه يحق للفلاح أن يرث الأرض الزراعية","He was interested in reforming the conditions of farmers, as he issued the Saidi Regulations in August 1858 AD, according to which the farmer had the right to inherit agricultural land"
كما اهتم بتطهير ترعة المحمودية لتلبية احتياجات الري والزراعة.,He was also concerned with clearing the Mahmoudiyah Canal to meet the needs of irrigation and agriculture.
النقل والاتصالات,Transportation and communication
"أكمل خط السكة الحديد بين القاهرة والإسكندرية، كما أنشأ خطًا من القاهرة إلى السويس، ومد خطوط التلغراف على الطريقة الحديثة بين الإسكندرية والقاهرة والسويس.","He completed the railway line between Cairo and Alexandria, and he also established a line from Cairo to Suez, and extended telegraph lines in the modern manner between Alexandria, Cairo, and Suez."
الجيش والبحرية,Army and Navy
"وجعل مدة الخدمة العسكرية سنة إجبارية على الجميع، واهتم بالترسانة البحرية وبدأ في إصلاح السفن وتجديد الأسطول، وفتح باب الترقي للضباط المصريين.","He made the period of military service one year compulsory for everyone, and he took care of the naval arsenal and began repairing ships and renewing the fleet, and opened the door to promotion for Egyptian officers."
تعليم,Education
وألغى المكتب المدرسي وفي نفس الوقت شجع البعثات الأجنبية في مصر على فتح مدارس في القاهرة والإسكندرية.,He canceled the school office and at the same time encouraged foreign missions in Egypt to open schools in Cairo And Alexandria.
"ورغم التقدم الذي تحقق في بعض القطاعات، إلا أن عهد سعيد باشا شهد بدايات التدخل الأجنبي في شؤون مصر، وذلك على النحو التالي:","Despite the progress achieved in some sectors, the era of Said Pasha witnessed the beginnings of intervention The foreigner in the affairs of Egypt, as follows"
القروض الخارجية,Foreign loans
"اعتمد سعيد باشا على رأس المال الأجنبي، وبدأت الأزمة المالية في عهده عندما اقترض من بيوت المال الأوروبية، وفي عام 1862م أبرم أول قرض مع أحد البنوك البريطانية، ثم سارع بعد ذلك إلى طلب القروض","Saeed Pasha relied on foreign capital, and the financial crisis began during his reign when he borrowed From the European financial houses, in 1862 AD he concluded the first loan with a British bank, and then he rushed to request loans"
ولجأ بعد ذلك إلى الاقتراض من المرابين مقابل السندات على حساب الخزانة المصرية.,"After that, he resorted to borrowing from moneylenders in exchange for bonds at the expense of the Egyptian treasury."
امتياز قناة السويس,Suez Canal Concession
1- في نوفمبر 1854 منح سعيد باشا فرديناند ديليسبس عقد الامتياز الأول الذي نص على منح امتياز إنشاء شركة عامة لحفر قناة السويس والاستثمار فيها لمدة 99 سنة تبدأ من تاريخ افتتاح القناة للملاحة,"1- In November 1854, Saeed Pasha granted Ferdinand de Lesseps the first concession contract, which stipulated the granting of the establishment concession A public company for digging the Suez Canal and investing in it for a period of 99 years starting on the date the channel opens for navigation"
"2- في يناير 1856، منح سعيد باشا فرديناند ديليسبس عقد الامتياز الثاني، والذي كانت شروطه مجحفة لمصر والمصريين، ومن بينها:","2- In January 1856, Said Pasha granted Ferdinand de Lesseps the second concession contract, the terms of which were unfair to Egypt and the Egyptians, including:"
"1 - منحت الحكومة المصرية الشركة امتياز إنشاء قناة السويس وحفر قناة النيل للملاحة المائية (قناة الإسماعيلية)، وإنشاء فرعين للري والشرب تستمد مياههما من قناة الإسماعيلية.","1 - The Egyptian government granted the company the concession to construct the Suez Canal and dig the Nile Navigable Water Canal (Canal).Ismailia), and the establishment of two irrigation and drinking branches that derive their water from the Ismailia Canal."
2(تنازلت الحكومة للشركة مجاناً عن جميع الأراضي التي كانت تملكها واللازمة لإنشاء قناة الملح وقناة المياه العذبة.,"2(The government ceded to the company, free of charge, all the lands it owned and required for the construction of the salt canal and the fresh water canal."
3) أربعة أخماس العمال مصريون.,3) Four-fifths of the workers are Egyptians.
4) يحق للشركة فرض ما تريد من رسوم على السفن المارة بالقناة البحرية أو قناة المياه العذبة.,4) The company has the right to impose whatever fees it wishes on ships passing through the sea canal or the freshwater canal. 
5) تحصل مصر على تعويضات عن الأراضي والامتيازات الممنوحة لشركة الشعب بهدف تحقيق تنمية اقتصادية عملاقة بمنطقة محور القناة لصالح مصر علي 15% من صافي الأرباح.,5) Egypt receives compensation for the lands and privileges granted to the company of the people with the aim of achieving giant economic development in the canal axis region for the benefit of Egypt Ali 15% of net profits.
6) يشترط لصحة الامتياز أن يصدق عليه السلطان العثماني.," 6) For the validity of the concession, it was stipulated that it be ratified by the Ottoman Sultan."
يمثل عهد إسماعيل إحدى أكثر الفترات ازدهارًا وتقدمًا وعمرانًا في تاريخ مصر الحديث.,"The reign of Ismail represents one of the most prosperous, advanced, and urban periods in Egypt’s modern history."
"كما أنه يمثل أحد أخطر العصور التي تعرضت لها البلاد للتدخلات الخارجية في الشأن المصري بسبب الأخطاء التي أدت إلى تدهور وضع مصر المالي، وما تلا ذلك من انهيار استقلالها السياسي.","It also represents one of the most dangerous eras to which the country was exposed to foreign interference in Egyptian affairs due to the mistakes that led to the deterioration of Egypt’s status Financial Egypt, and the subsequent collapse of its political independence."
مظاهر النهضة والإصلاح في عهد إسماعيل,Manifestations of renaissance and reform during the reign of Ismail
(أ) مجال الزراعة والري,(a) The field of agriculture and irrigation
"زيادة مساحة الأراضي الزراعية. وتم حفر العديد من الترع, مثل قناة الإبراهيمية, وأقيمت القناطر على نهر النيل.","Increasing the area of agricultural land. Many canals were dug, such as the Ibrahimi Canal, and barrages were constructed on the Nile."
"استعادة نشاط العديد من المصانع, والتوسع في إنشاء مصانع السكر في صعيد مصر.","Restoring the activity of many factories, and expanding the establishment of sugar factories in Upper Egypt."
ب) مجال الصناعة,b) Industry field
ج) التعليم والنهضة العلمية,C) Education and scientific renaissance
"إعادة فتح مكتب المدارس بوزارة التربية والتعليم حالياً)، والتوسع في إنشاء المدارس المختلفة.","Reopening the Office of Schools, Ministry of Education currently), and expanding the establishment of various schools."
إنشاء دار الكتب ودار الرصد بالعباسية وجهاز الإحصاء والمساحة بالإضافة إلى الجمعية الجغرافية عام 1875م,"Establishing Dar al-Kutub, the Monitoring House in Abbasiya, and the Statistics Authority the Surveying, in addition to the Geographical Society in 1875 AD"
اهتم الخديوي إسماعيل بتنظيم الجيش وتسليحه ومضاعفة قوته. كما اهتم بنهضة التعليم البحري.,"Khedive Ismail was interested in organizing the army, arming it, and doubling its strength. He was also concerned with the renaissance of maritime education."
حضري,Urban
الجيش والبحرية,Army and Navy
إنشاء دار الأوبرا وإنشاء الجسور والجسور وعدد من القصور المعروفة الآن مثل قصر عابدين,"Establishing the Opera House and constructing bridges and bridges, and a number of Now known palaces such as Abdeen Palace"
"مد خطوط التلغراف بين محافظات مصر المختلفة، وتم إنشاء خدمة بريد مصرية لها مكاتب في الإسكندرية والقاهرة والمناطق","Extending telegraph lines between the various governorates of Egypt, and an Egyptian postal service was established with offices in Alexandria, Cairo, and the regions"
إنشاء مجلس الشورى النواب,Establishment of the Shura Council of Representatives
"عرفت مصر الهيئات شبه البرلمانية، عندما تم إنشاء مجلس الشورى النواب عام 1866، والذي يعتبر بداية تاريخ المؤسسات البرلمانية في مصر الحديثة","Egypt knew quasi-parliamentary bodies, when the Shura Council of Representatives was established in 1866, which is considered the beginning of the history of parliamentary institutions in modern Egypt"
"كما عرفت نظام “الوزارة المسؤولة” عام 1878م، وتم وضع أول دستور في مصر والمعروف باسم “اللائحة الأساسية” بهدف إقامة حياة دستورية سليمة، إلا أن تدخلات الدول الأوروبية أعاقت ذلك. التطورات الدستورية","It also knew the system of the “responsible ministry” in 1878 AD, and the first constitution was drawn up in Egypt, known as the “Basic Regulations,” with the aim of establishing A sound constitutional life, but the interference of European countries hampered constitutional developments"
امتداد النفوذ المصري,The extension of Egyptian influence
وجه الخديوي إسماعيل عدة حملات عسكرية إلى المناطق الاستوائية في أفريقيا لمنع تجارة الرقيق والتوسع في الجنوب والسيطرة على مياه النيل. ووصل النفوذ المصري إلى ساحل البحر الأحمر بأكمله عام 1875م,"Khedive Ismail directed several military campaigns to the tropical regions of Africa to prevent the slave trade, expand in the south, and control the waters of the Nile. Egyptian influence reached the entire Red Sea coast in 1875 AD"
الأزمة المالية وزيادة التدخل الأجنبي في مصر الخديوي إسماعيل (1863 – 1879 م) ورث دولة كانت سيادتها مقتصرة على الدولة العثمانية,The financial crisis and the increase in foreign intervention in Egypt Khedive Ismail (1863 - 1879 AD) inherited a state whose sovereignty was restricted to the Ottoman Empire
"وأدت سياسته إلى حدوث أزمة مالية في مصر، ومن أهم عواملها ما يلي","and his policy led to A financial crisis occurred in Egypt, and among its most important factors were the following"
عوامل الأزمة المالية,Factors of the financial crisis
سياسة الاقتراض,Borrowing policy
اتبع الخديوي إسماعيل سياسة الاقتراض للوفاء بالتزاماته ومشاريعه,Khedive Ismail followed a policy of borrowing to fulfill his obligations and projects
افتتاح قناة السويس,The opening of the Suez Canal
"وأقام الخديوي إسماعيل العديد من الحفلات لافتتاح القناة في 17 نوفمبر 1869. ودعا إليها ملوك أوروبا وأنفق ببذخ على هذه الاحتفالات، مما أدى إلى زيادة حدة الأزمة المالية.","Khedive Ismail held many parties to open the canal on November 17, 1869. He invited European kings to them and spent lavishly on these celebrations, which led to an increase in the severity of the financial crisis."
"علاقة الخديوي إسماعيل بالدولة العثمانية اعتمد الخديوي إسماعيل في علاقته بالسلطان العثماني، على تقديم الأموال والهدايا للحصول على مراسيم يوسع بها نطاق حكمه، وجعل يرث العرش لابنه الأكبر، وزاد عدد الجيش المصري وأشياء أخرى من المراسيم","Khedive Ismail’s relationship with the Ottoman Empire In his relationship with the Ottoman Sultan, Khedive Ismail relied on offering money and gifts to obtain decrees by which he expanded the scope of his rule, made the inheritance of the throne to his eldest son, increased the number of the Egyptian army and other things from decrees"
التنازلات الأجنبية,Foreign concessions
"منحت الدولة العثمانية مواطني بعض الدول الأوروبية العديد من الامتيازات الأجنبية لتشجيعهم على الإقامة والتجارة، حيث تعهدت الدولة العثمانية بالحفاظ على أموالهم وأرواحهم، ومنحتهم حق الرجوع إلى قناصلهم في شؤونهم التجارية والشخصية.","The Ottoman Empire granted the citizens of some European countries many foreign privileges to encourage them to reside and trade, with the Ottoman Empire pledging to preserve their money and lives, and giving them the right to refer to their consuls in their commercial and personal affairs."
مظاهر تزايد التدخل الأجنبي,Manifestations of increasing foreign intervention
"أدت سياسة الخديوي إسماعيل إلى زيادة التدخل الأجنبي في شئون مصر المالية، والذي يتمثل في:","Khedive Ismail's policy led to an increase in foreign interference in Egypt's financial affairs, which is represented in:"
المحاكم القنصلية,Consular courts
"ومع مرور الوقت، اشتدت قبضة القناصل الأجانب، وبدأت المحاكم القنصلية تنظر في الجرائم التي يرتكبها مواطنون أجانب ضد المصريين وضد الحكومة المصرية نفسها، ولم تكن الأحكام تُستأنف إلا في الخارج، وهو ما كان يدفع المصريين للتنازل عن حقوقهم.","Over time, the grip of foreign consuls increased, and consular courts began to look into crimes committed by foreign nationals against Egyptians and the Egyptian government itself, and judgments were not appealed except abroad, which He was pushing Egyptians to give up their rights."
المحاكم المختلطة 1875م,Mixed Courts 1875 AD
"حاول الخديوي إسماعيل اتخاذ إجراءات للحد من عيوب المحاكم القنصلية. وأنشأ محاكم مختلطة للفصل في القضايا المدنية والمنازعات العقارية بين المصريين والأجانب، والمنازعات التي تنشأ بين الأجانب والحكومة المصرية نفسها.","Khedive Ismail tried to take measures to limit the disadvantages of consular courts. He established mixed courts to adjudicate civil cases and real estate disputes between Egyptians and foreigners, and disputes that arose between foreigners and the Egyptian government itself."
"قضاتها أجانب ومصريون، لكن رئاسة الأجانب لها أدت إلى تدخلهم في سلطة القضاء والتشريعات وانحيازهم للأجانب","Its judges were foreigners and Egyptians, but the foreigners’ presidency of it led to their interference in the judiciary’s authority Legislation and their bias toward foreigners"
بعثة كييف (الكهف) (ديسمبر 1875),Kiev Mission (CAVE) (December 1875)
"عرض الخديوي إسماعيل على بريطانيا إرسال موظف مختص لدراسة أسباب الأوضاع المالية السيئة في مصر، وتقديم مقترحات لعلاج الأزمة المالية، فأرسلت الحكومة البريطانية بعثة برئاسة السيد كييف واقترحت البعثة إنشاء رقابة مالية. قسم يرأسه موظف إنجليزي وأنه لا يجوز للخديوي أن يعقد قرضاً إلا بعد موافقة دائرة الرقابة المالية","Khedive Ismail offered Britain to send a competent employee to study the causes of the bad financial conditions in Egypt, and to present proposals to remedy the financial crisis So The British government sent a mission headed by Mr Kiev and themission proposed the establishment of a financial control department headed by an English employee and that the Khedive should not contract a loan unless it was approved by the control department Finance"
- صندوق الدين (مايو 1876م),Debt Fund (May 1876 AD)
"أصدر الخديوي إسماعيل قرارًا بإنشاء صندوق الديون، وهو خزانة فرعية للخزانة المصرية تتولى تسليم المبالغ المخصصة للديون من الإدارات المختلفة، والإشراف على سداد الديون لأصحابها، ويديره مندوبون أجانب يعينونهم من قبل الدول الدائنة","Khedive Ismail issued a decree establishing the Debt Fund, which is a sub-treasury of the Egyptian treasury that is responsible for handing over the amounts allocated for debts from various departments, and supervising the payment of debts to their owners It is managed by foreign delegates appointed by the creditor countries"
المراقبة الثنائية (نوفمبر 1876م),Bilateral Monitoring (November 1876 AD)
"اقترحت الدول الأوروبية فرض سيطرة أوروبية على المالية المصرية، فاضطر الخديوي إسماعيل إلى إصدار مرسوم في نوفمبر 1876م بتعيين مراقبين أجنبيين على المالية المصرية، أحدهما بريطاني للإيرادات والآخر فرنسي للمصروفات، وعرف هذا النظام بالرقابة الثنائية.","European countries proposed imposing European control over Egyptian finances, so Khedive Ismail was forced to issue a decree in November 1876 AD appointing two foreign observers over Egyptian finances, one British for revenues and the other French for expenses This system was known as bilateral control."
لجنة التحقيق الأوروبية العليا (يناير 1878),European Supreme Commission of Inquiry (January 1878)
"وأصبحت الأمور المالية في مصر أسوأ وأكثر إرباكا، مما دفع الرقيبين إلى المطالبة بتشكيل لجنة دولية للتحقيق في كافة الشؤون المالية والإدارية. واستجاب إسماعيل وأصدر قراراً بتشكيل هذه اللجنة والموافقة على مطالبها","Financial matters in Egypt became worse and more confusing, which led to the two censors demanding the establishment of an international committee to investigate all financial and administrative affairs. Ismail responded and issued a decree to form this committee and agree to its demands"
"وأهمها تسليم الخديوي سلطته المطلقة لوزارة مسؤولة عن حكم البلاد، والتنازل عن ممتلكاته وممتلكات أسرته، ووضعها تحت الإشراف الدولي مقابل دفع مخصصات مالية لهم.","The most important of which is the Khedive’s surrender of his absolute authority to a ministry responsible for governing the country, giving up his possessions and those of his family, and placing them under international supervision in exchange for financial allocations paid to them"
"الوزارة المشتركة أغسطس 1878م أصدر الخديوي إسماعيل، بناءً على اتفاق الحكومتين البريطانية والفرنسية، قرارًا بإنشاء وزارة مسئولة برئاسة نوبار باشا، ووزيرين للخارجية، أحدهما بريطاني للمالية والآخر فرنسي للأشغال.","The Mixed Ministry, August 1878 AD Khedive Ismail, based on the agreement of the British and French governments, issued a decree establishing a responsible ministry headed by Nubar Pasha, with two foreign ministers, one British for Finance and the other French for Works"
القائمة الوطنية وإقالة الخديوي إسماعيل,The National List and the dismissal of Khedive Ismail
"ووجهت الحركة الوطنية في مصر انتقادات للوزارة المختلطة، الأمر الذي شجع إسماعيل على استبعاد وزيري الخارجية من الوزارة، وأصدر مرسومًا في إبريل 1879م بتسوية الديون وفق ما قررته اللائحة الوطنية، مما أدى إلى لتدخل الحكومتين البريطانية والفرنسية، والضغط على السلطان العثماني الذي أصدر مرسومًا بعزل الخديوي إسماعيل. اعتلى ابنه توفيق العرش في يونيو 1879م","The National Movement in Egypt directed criticism at the mixed ministry, which encouraged Ismail to exclude the two foreign ministers from the ministry, and issue a decree in April 1879 AD to settle the debts in accordance with what was decided by the National Regulations, which led to the intervention of the British and French governments, and pressure on the Ottoman Sultan, who issued a decree deposing Khedive Ismail. The accession of his son Tawfiq in June 1879 AD"
"وامتدت الثورة من القاهرة إلى كافة المدن والمناطق، وشاركت فيها كافة فئات وعناصر الشعب المصري، مما يؤكد الوحدة الوطنية.","The revolution extended from Cairo to all cities and regions, and all groups and elements of the Egyptian people participated in it, which confirms national unity. "
"انزعجت الحكومة البريطانية من الوضع الناتج عن سياستها، فقامت بتعيين الجنرال اللنبي مندوباً سامياً لدى مصر، وقررت إطلاق سراح سعد زغلول ورفاقه في إبريل 1919م والسماح لهم بالذهاب إلى باريس لعرض قضية استقلال مصر.","The British government was disturbed by the situation resulting from its policy, so itappointed General Allenby as High Commissioner to Egypt, and decided to release Saad Zaghloul and his companions in April 1919 AD and allow them to go to Paris to present the issue of Egyptian independence to the peace conference."
"إلا أنهم وجدوا أبواب مؤتمر السلام مغلقة في وجوههم، إذ اعترفت الدول المشاركة في المؤتمر بالحماية البريطانية على مصر، كما أعلن ويلسون، الأمر الذي خيب آمالهم كثيرا.","However, they found the doors of the peace conference closed in their faces, as the countries at the conference recognized British protection over Egypt, as Wilson announced, which greatly disappointed them."
لجنة ميلنر (ديسمبر 1919),Milner Commission (December 1919)
"أرسلت الحكومة البريطانية لجنة برئاسة اللورد ميلنر، وزير المستعمرات البريطانية، إلى مصر لإقناع الشعب المصري بقبول الحماية البريطانية.","The British government sent a committee headed by Lord Milner, the British Colonial Secretary, to Egypt to persuade the Egyptian people to accept British protection"
إلا أن الشعب المصري رفض التفاوض مع لجنة ميلنر وقاطعها لأن المفاوضات معها تعني تسليم الوكالة للوفد المصري.,"However, the Egyptian people refused to negotiate with the Milner Committee and boycotted it because the negotiations With it, it means surrendering the agency to the Egyptian delegation."
"وأبدى ميلنر استعداده للتفاوض مع الوفد المصري، وانتهت المفاوضات بمشروع معاهدة.","Milner expressed his willingness to negotiate with the Egyptian delegation, and the negotiations ended with a draft treaty"
"إلا أن الشعب المصري بكافة طوائفه رفض مشروع المعاهدة، لأنه كان سيؤدي إلى استقلال مصر الاسمي.","However, the Egyptian people of all sects rejected the draft treaty, because it would have led to Egypt’s nominal independence."
مفاوضات عدلي – كرزون (مارس 1921م),Adly Negotiations - Curzon (March 1921 AD)
تولى عدلي يكن باشا رئاسة الوزارة في مارس 1921م.,Adli Yakan Pasha assumed the presidency of the ministry in March 1921 AD. 
وأعرب عن أمله في أن ينجح في الاتفاق مع الإنجليز على وضع دستور يحقق تطلعات المصريين ومطالبهم.,He hoped to succeed in agreeing with the British to draw up a constitution that would fulfill the aspirations and demands of the Egyptians.
"إلا أن المفاوضات بين عدلي يكن باشا وكرزون وزير خارجية بريطانيا باءت بالفشل لأنها لم تسفر عن أية نتائج، فاستقال عدلي يكن باشا ورفض.","However, the negotiations between Adli Yakan Pasha and Curzon, the British Foreign Minister, failed because they did not lead to any results, and Adli Yakan Pasha resigned and refused."
"السياسيون يشكلون حكومة تم القبض على سعد زغلول ونفيه للمرة الثانية إلى جزيرة سيشل، فتجددت الثورة من جديد وقام بمقاطعة الشعب واستولى على البضائع الإنجليزية، مما اضطر الحكومة البريطانية إلى إطلاق سراحه.","Politicians form a government Saad Zaghloul was arrested and exiled for the second time to the island of Seychelles, so the revolution was renewed again and he boycotted The people seized the English goods, forcing the British government to release him."
"ومنذ عام 1914م وحتى ثورة يوليو 1952، مرت مصر بمراحل الصراع بين الحركة الوطنية وسلطات الاحتلال البريطاني.","From 1914 AD until the revolution of July 1952, Egypt went through stages of conflict Between the National Movement and the British occupation authorities."
"وبعد انتهاء الحرب العالمية الأولى (نوفمبر 1918م)، كان الوفد المصري يتكون من أعضاء المجلس التشريعي برئاسة سعد زغلول وآخرين.","After the end of World War I (November 1918 AD), the Egyptian delegation consisted of members of the Legislative Assembly headed by Saad Zaghloul and others."
وذهبوا للقاء المندوب السامي البريطاني في مصر “السير وينجيت” للمطالبة بإلغاء الحماية البريطانية وإنهاء الأحكام العرفية وإلغاء الرقابة على الصحف والمطبوعات والمطالبة بالاستقلال مع السماح لهم بالسفر إلى باريس لتقديم المطالب الوطنية إلى الشعب مؤتمر السلام هناك,"They went to meet the British High Commissioner in Egypt, “Sir Wingate,” to demand By abolishing British protection, ending martial law, abolishing censorship of newspapers and publications, and demanding independence while allowing them to travel to Paris to present national demands to the peace conference there."
اشتباكات بين أعضاء الوفد وسلطات الاحتلال,The clash between members of the delegation and the occupation authorities
"اعترض المندوب السامي البريطاني على المكانة الممنوحة لهؤلاء الأشخاص، وهم حق التحدث نيابة عن الأمة، ومن هنا بدأت فكرة جمع وكالات الأمة للوفد المصري الذي يسعى إلى الاستقلال الكامل لمصر، والوفد المصري","The British High Commissioner objected to the status given to these people, the right to speak on behalf of the nation, and from here began the idea of gathering agencies from the nation for the Egyptian delegation to seek complete independence for Egypt, and the Egyptian delegation"
بقيادة سعد زغلول يمثل الأمة,"Led by Saad Zaghloul, it represents the nation"
"ورفضت سلطات الاحتلال البريطاني مطالب الوفد المصري، واعتقلت سعد زغلول وزملائه في مارس 1919م ونفيتهم إلى جزيرة مالطة.","The British occupation authorities rejected the demands of the Egyptian delegation, and arrested Saad Zaghloul and his colleagues in March 1919 AD and exiled to the island of Malta"
عوامل اندلاع ثورة 1919:,Factors for the outbreak of the 1919 revolution
"اجتمعت عوامل كثيرة ساهمت في اندلاع ثورة 1919م، ولعل أهمها ما يلي:","Many factors came together that contributed to the outbreak of a revolution 1919 AD, perhaps the most important of which are the following:"
زيادة نمو الوعي الوطني لدى المصريين من أجل الاستقلال.,Increased growth in national awareness among Egyptians For independence.
الإجراءات العنيفة التي اتخذتها سلطات الاحتلال خلال الحرب العالمية الأولى (1914م – 1918م).,Violent measures taken by the occupation authorities during World War I (1914 AD - 1918 AD).
تدعي إنجلترا وحلفاؤها أنهم يقاتلون من أجل حرية واستقلال الشعوب.,England and its allies claim that they are fighting for Freedom and independence of peoples.
" إعلان المبادئ للرئيس الأمريكي لسن الرابعة عشرة, بما في ذلك حق الشعوب في تقرير مصيرها.","The American President’s Declaration of Principles for the Age of Fourteen, including the right of peoples to self-determination."
